{"name":"WareHouseProject-1","classpathEntries":[{"kind":"binary","path":"C:\\Program Files\\Java\\jdk1.8.0_191\\jre\\lib\\resources.jar","javadocContainerUrl":"https://docs.oracle.com/javase/1/docs/api/","isSystem":true,"isOwn":false,"isTest":false,"isJavaContent":false},{"kind":"binary","path":"C:\\Program Files\\Java\\jdk1.8.0_191\\jre\\lib\\rt.jar","javadocContainerUrl":"https://docs.oracle.com/javase/1/docs/api/","isSystem":true,"isOwn":false,"isTest":false,"isJavaContent":false},{"kind":"binary","path":"C:\\Program Files\\Java\\jdk1.8.0_191\\jre\\lib\\jsse.jar","javadocContainerUrl":"https://docs.oracle.com/javase/1/docs/api/","isSystem":true,"isOwn":false,"isTest":false,"isJavaContent":false},{"kind":"binary","path":"C:\\Program Files\\Java\\jdk1.8.0_191\\jre\\lib\\jce.jar","javadocContainerUrl":"https://docs.oracle.com/javase/1/docs/api/","isSystem":true,"isOwn":false,"isTest":false,"isJavaContent":false},{"kind":"binary","path":"C:\\Program Files\\Java\\jdk1.8.0_191\\jre\\lib\\charsets.jar","javadocContainerUrl":"https://docs.oracle.com/javase/1/docs/api/","isSystem":true,"isOwn":false,"isTest":false,"isJavaContent":false},{"kind":"binary","path":"C:\\Program Files\\Java\\jdk1.8.0_191\\jre\\lib\\jfr.jar","javadocContainerUrl":"https://docs.oracle.com/javase/1/docs/api/","isSystem":true,"isOwn":false,"isTest":false,"isJavaContent":false},{"kind":"binary","path":"C:\\Users\\Taufik\\.m2\\repository\\org\\springframework\\boot\\spring-boot-starter-data-jpa\\2.4.2\\spring-boot-starter-data-jpa-2.4.2.jar","sourceContainerUrl":"file:/C:/Users/Taufik/.m2/repository/org/springframework/boot/spring-boot-starter-data-jpa/2.4.2/spring-boot-starter-data-jpa-2.4.2-sources.jar","javadocContainerUrl":"file:/C:/Users/Taufik/.m2/repository/org/springframework/boot/spring-boot-starter-data-jpa/2.4.2/spring-boot-starter-data-jpa-2.4.2-javadoc.jar","isSystem":false,"isOwn":false,"isTest":false,"isJavaContent":false},{"kind":"binary","path":"C:\\Users\\Taufik\\.m2\\repository\\org\\springframework\\boot\\spring-boot-starter-aop\\2.4.2\\spring-boot-starter-aop-2.4.2.jar","sourceContainerUrl":"file:/C:/Users/Taufik/.m2/repository/org/springframework/boot/spring-boot-starter-aop/2.4.2/spring-boot-starter-aop-2.4.2-sources.jar","javadocContainerUrl":"file:/C:/Users/Taufik/.m2/repository/org/springframework/boot/spring-boot-starter-aop/2.4.2/spring-boot-starter-aop-2.4.2-javadoc.jar","isSystem":false,"isOwn":false,"isTest":false,"isJavaContent":false},{"kind":"binary","path":"C:\\Users\\Taufik\\.m2\\repository\\org\\springframework\\spring-aop\\5.3.3\\spring-aop-5.3.3.jar","sourceContainerUrl":"file:/C:/Users/Taufik/.m2/repository/org/springframework/spring-aop/5.3.3/spring-aop-5.3.3-sources.jar","javadocContainerUrl":"file:/C:/Users/Taufik/.m2/repository/org/springframework/spring-aop/5.3.3/spring-aop-5.3.3-javadoc.jar","isSystem":false,"isOwn":false,"isTest":false,"isJavaContent":false},{"kind":"binary","path":"C:\\Users\\Taufik\\.m2\\repository\\org\\aspectj\\aspectjweaver\\1.9.6\\aspectjweaver-1.9.6.jar","sourceContainerUrl":"file:/C:/Users/Taufik/.m2/repository/org/aspectj/aspectjweaver/1.9.6/aspectjweaver-1.9.6-sources.jar","javadocContainerUrl":"file:/C:/Users/Taufik/.m2/repository/org/aspectj/aspectjweaver/1.9.6/aspectjweaver-1.9.6-javadoc.jar","isSystem":false,"isOwn":false,"isTest":false,"isJavaContent":false},{"kind":"binary","path":"C:\\Users\\Taufik\\.m2\\repository\\org\\springframework\\boot\\spring-boot-starter-jdbc\\2.4.2\\spring-boot-starter-jdbc-2.4.2.jar","sourceContainerUrl":"file:/C:/Users/Taufik/.m2/repository/org/springframework/boot/spring-boot-starter-jdbc/2.4.2/spring-boot-starter-jdbc-2.4.2-sources.jar","javadocContainerUrl":"file:/C:/Users/Taufik/.m2/repository/org/springframework/boot/spring-boot-starter-jdbc/2.4.2/spring-boot-starter-jdbc-2.4.2-javadoc.jar","isSystem":false,"isOwn":false,"isTest":false,"isJavaContent":false},{"kind":"binary","path":"C:\\Users\\Taufik\\.m2\\repository\\com\\zaxxer\\HikariCP\\3.4.5\\HikariCP-3.4.5.jar","sourceContainerUrl":"file:/C:/Users/Taufik/.m2/repository/com/zaxxer/HikariCP/3.4.5/HikariCP-3.4.5-sources.jar","javadocContainerUrl":"file:/C:/Users/Taufik/.m2/repository/com/zaxxer/HikariCP/3.4.5/HikariCP-3.4.5-javadoc.jar","isSystem":false,"isOwn":false,"isTest":false,"isJavaContent":false},{"kind":"binary","path":"C:\\Users\\Taufik\\.m2\\repository\\org\\springframework\\spring-jdbc\\5.3.3\\spring-jdbc-5.3.3.jar","sourceContainerUrl":"file:/C:/Users/Taufik/.m2/repository/org/springframework/spring-jdbc/5.3.3/spring-jdbc-5.3.3-sources.jar","javadocContainerUrl":"file:/C:/Users/Taufik/.m2/repository/org/springframework/spring-jdbc/5.3.3/spring-jdbc-5.3.3-javadoc.jar","isSystem":false,"isOwn":false,"isTest":false,"isJavaContent":false},{"kind":"binary","path":"C:\\Users\\Taufik\\.m2\\repository\\jakarta\\transaction\\jakarta.transaction-api\\1.3.3\\jakarta.transaction-api-1.3.3.jar","sourceContainerUrl":"file:/C:/Users/Taufik/.m2/repository/jakarta/transaction/jakarta.transaction-api/1.3.3/jakarta.transaction-api-1.3.3-sources.jar","javadocContainerUrl":"file:/C:/Users/Taufik/.m2/repository/jakarta/transaction/jakarta.transaction-api/1.3.3/jakarta.transaction-api-1.3.3-javadoc.jar","isSystem":false,"isOwn":false,"isTest":false,"isJavaContent":false},{"kind":"binary","path":"C:\\Users\\Taufik\\.m2\\repository\\jakarta\\persistence\\jakarta.persistence-api\\2.2.3\\jakarta.persistence-api-2.2.3.jar","sourceContainerUrl":"file:/C:/Users/Taufik/.m2/repository/jakarta/persistence/jakarta.persistence-api/2.2.3/jakarta.persistence-api-2.2.3-sources.jar","javadocContainerUrl":"file:/C:/Users/Taufik/.m2/repository/jakarta/persistence/jakarta.persistence-api/2.2.3/jakarta.persistence-api-2.2.3-javadoc.jar","isSystem":false,"isOwn":false,"isTest":false,"isJavaContent":false},{"kind":"binary","path":"C:\\Users\\Taufik\\.m2\\repository\\org\\hibernate\\hibernate-core\\5.4.27.Final\\hibernate-core-5.4.27.Final.jar","sourceContainerUrl":"file:/C:/Users/Taufik/.m2/repository/org/hibernate/hibernate-core/5.4.27.Final/hibernate-core-5.4.27.Final-sources.jar","javadocContainerUrl":"file:/C:/Users/Taufik/.m2/repository/org/hibernate/hibernate-core/5.4.27.Final/hibernate-core-5.4.27.Final-javadoc.jar","isSystem":false,"isOwn":false,"isTest":false,"isJavaContent":false},{"kind":"binary","path":"C:\\Users\\Taufik\\.m2\\repository\\org\\jboss\\logging\\jboss-logging\\3.4.1.Final\\jboss-logging-3.4.1.Final.jar","sourceContainerUrl":"file:/C:/Users/Taufik/.m2/repository/org/jboss/logging/jboss-logging/3.4.1.Final/jboss-logging-3.4.1.Final-sources.jar","javadocContainerUrl":"file:/C:/Users/Taufik/.m2/repository/org/jboss/logging/jboss-logging/3.4.1.Final/jboss-logging-3.4.1.Final-javadoc.jar","isSystem":false,"isOwn":false,"isTest":false,"isJavaContent":false},{"kind":"binary","path":"C:\\Users\\Taufik\\.m2\\repository\\org\\javassist\\javassist\\3.27.0-GA\\javassist-3.27.0-GA.jar","sourceContainerUrl":"file:/C:/Users/Taufik/.m2/repository/org/javassist/javassist/3.27.0-GA/javassist-3.27.0-GA-sources.jar","javadocContainerUrl":"file:/C:/Users/Taufik/.m2/repository/org/javassist/javassist/3.27.0-GA/javassist-3.27.0-GA-javadoc.jar","isSystem":false,"isOwn":false,"isTest":false,"isJavaContent":false},{"kind":"binary","path":"C:\\Users\\Taufik\\.m2\\repository\\net\\bytebuddy\\byte-buddy\\1.10.19\\byte-buddy-1.10.19.jar","sourceContainerUrl":"file:/C:/Users/Taufik/.m2/repository/net/bytebuddy/byte-buddy/1.10.19/byte-buddy-1.10.19-sources.jar","javadocContainerUrl":"file:/C:/Users/Taufik/.m2/repository/net/bytebuddy/byte-buddy/1.10.19/byte-buddy-1.10.19-javadoc.jar","isSystem":false,"isOwn":false,"isTest":false,"isJavaContent":false},{"kind":"binary","path":"C:\\Users\\Taufik\\.m2\\repository\\antlr\\antlr\\2.7.7\\antlr-2.7.7.jar","isSystem":false,"isOwn":false,"isTest":false,"isJavaContent":false},{"kind":"binary","path":"C:\\Users\\Taufik\\.m2\\repository\\org\\jboss\\jandex\\2.1.3.Final\\jandex-2.1.3.Final.jar","sourceContainerUrl":"file:/C:/Users/Taufik/.m2/repository/org/jboss/jandex/2.1.3.Final/jandex-2.1.3.Final-sources.jar","isSystem":false,"isOwn":false,"isTest":false,"isJavaContent":false},{"kind":"binary","path":"C:\\Users\\Taufik\\.m2\\repository\\com\\fasterxml\\classmate\\1.5.1\\classmate-1.5.1.jar","sourceContainerUrl":"file:/C:/Users/Taufik/.m2/repository/com/fasterxml/classmate/1.5.1/classmate-1.5.1-sources.jar","javadocContainerUrl":"file:/C:/Users/Taufik/.m2/repository/com/fasterxml/classmate/1.5.1/classmate-1.5.1-javadoc.jar","isSystem":false,"isOwn":false,"isTest":false,"isJavaContent":false},{"kind":"binary","path":"C:\\Users\\Taufik\\.m2\\repository\\org\\dom4j\\dom4j\\2.1.3\\dom4j-2.1.3.jar","sourceContainerUrl":"file:/C:/Users/Taufik/.m2/repository/org/dom4j/dom4j/2.1.3/dom4j-2.1.3-sources.jar","javadocContainerUrl":"file:/C:/Users/Taufik/.m2/repository/org/dom4j/dom4j/2.1.3/dom4j-2.1.3-javadoc.jar","isSystem":false,"isOwn":false,"isTest":false,"isJavaContent":false},{"kind":"binary","path":"C:\\Users\\Taufik\\.m2\\repository\\org\\hibernate\\common\\hibernate-commons-annotations\\5.1.2.Final\\hibernate-commons-annotations-5.1.2.Final.jar","sourceContainerUrl":"file:/C:/Users/Taufik/.m2/repository/org/hibernate/common/hibernate-commons-annotations/5.1.2.Final/hibernate-commons-annotations-5.1.2.Final-sources.jar","isSystem":false,"isOwn":false,"isTest":false,"isJavaContent":false},{"kind":"binary","path":"C:\\Users\\Taufik\\.m2\\repository\\org\\glassfish\\jaxb\\jaxb-runtime\\2.3.3\\jaxb-runtime-2.3.3.jar","sourceContainerUrl":"file:/C:/Users/Taufik/.m2/repository/org/glassfish/jaxb/jaxb-runtime/2.3.3/jaxb-runtime-2.3.3-sources.jar","javadocContainerUrl":"file:/C:/Users/Taufik/.m2/repository/org/glassfish/jaxb/jaxb-runtime/2.3.3/jaxb-runtime-2.3.3-javadoc.jar","isSystem":false,"isOwn":false,"isTest":false,"isJavaContent":false},{"kind":"binary","path":"C:\\Users\\Taufik\\.m2\\repository\\org\\glassfish\\jaxb\\txw2\\2.3.3\\txw2-2.3.3.jar","sourceContainerUrl":"file:/C:/Users/Taufik/.m2/repository/org/glassfish/jaxb/txw2/2.3.3/txw2-2.3.3-sources.jar","javadocContainerUrl":"file:/C:/Users/Taufik/.m2/repository/org/glassfish/jaxb/txw2/2.3.3/txw2-2.3.3-javadoc.jar","isSystem":false,"isOwn":false,"isTest":false,"isJavaContent":false},{"kind":"binary","path":"C:\\Users\\Taufik\\.m2\\repository\\com\\sun\\istack\\istack-commons-runtime\\3.0.11\\istack-commons-runtime-3.0.11.jar","sourceContainerUrl":"file:/C:/Users/Taufik/.m2/repository/com/sun/istack/istack-commons-runtime/3.0.11/istack-commons-runtime-3.0.11-sources.jar","javadocContainerUrl":"file:/C:/Users/Taufik/.m2/repository/com/sun/istack/istack-commons-runtime/3.0.11/istack-commons-runtime-3.0.11-javadoc.jar","isSystem":false,"isOwn":false,"isTest":false,"isJavaContent":false},{"kind":"binary","path":"C:\\Users\\Taufik\\.m2\\repository\\com\\sun\\activation\\jakarta.activation\\1.2.2\\jakarta.activation-1.2.2.jar","sourceContainerUrl":"file:/C:/Users/Taufik/.m2/repository/com/sun/activation/jakarta.activation/1.2.2/jakarta.activation-1.2.2-sources.jar","javadocContainerUrl":"file:/C:/Users/Taufik/.m2/repository/com/sun/activation/jakarta.activation/1.2.2/jakarta.activation-1.2.2-javadoc.jar","isSystem":false,"isOwn":false,"isTest":false,"isJavaContent":false},{"kind":"binary","path":"C:\\Users\\Taufik\\.m2\\repository\\org\\springframework\\data\\spring-data-jpa\\2.4.3\\spring-data-jpa-2.4.3.jar","sourceContainerUrl":"file:/C:/Users/Taufik/.m2/repository/org/springframework/data/spring-data-jpa/2.4.3/spring-data-jpa-2.4.3-sources.jar","javadocContainerUrl":"file:/C:/Users/Taufik/.m2/repository/org/springframework/data/spring-data-jpa/2.4.3/spring-data-jpa-2.4.3-javadoc.jar","isSystem":false,"isOwn":false,"isTest":false,"isJavaContent":false},{"kind":"binary","path":"C:\\Users\\Taufik\\.m2\\repository\\org\\springframework\\data\\spring-data-commons\\2.4.3\\spring-data-commons-2.4.3.jar","sourceContainerUrl":"file:/C:/Users/Taufik/.m2/repository/org/springframework/data/spring-data-commons/2.4.3/spring-data-commons-2.4.3-sources.jar","javadocContainerUrl":"file:/C:/Users/Taufik/.m2/repository/org/springframework/data/spring-data-commons/2.4.3/spring-data-commons-2.4.3-javadoc.jar","isSystem":false,"isOwn":false,"isTest":false,"isJavaContent":false},{"kind":"binary","path":"C:\\Users\\Taufik\\.m2\\repository\\org\\springframework\\spring-orm\\5.3.3\\spring-orm-5.3.3.jar","sourceContainerUrl":"file:/C:/Users/Taufik/.m2/repository/org/springframework/spring-orm/5.3.3/spring-orm-5.3.3-sources.jar","javadocContainerUrl":"file:/C:/Users/Taufik/.m2/repository/org/springframework/spring-orm/5.3.3/spring-orm-5.3.3-javadoc.jar","isSystem":false,"isOwn":false,"isTest":false,"isJavaContent":false},{"kind":"binary","path":"C:\\Users\\Taufik\\.m2\\repository\\org\\springframework\\spring-context\\5.3.3\\spring-context-5.3.3.jar","sourceContainerUrl":"file:/C:/Users/Taufik/.m2/repository/org/springframework/spring-context/5.3.3/spring-context-5.3.3-sources.jar","javadocContainerUrl":"file:/C:/Users/Taufik/.m2/repository/org/springframework/spring-context/5.3.3/spring-context-5.3.3-javadoc.jar","isSystem":false,"isOwn":false,"isTest":false,"isJavaContent":false},{"kind":"binary","path":"C:\\Users\\Taufik\\.m2\\repository\\org\\springframework\\spring-tx\\5.3.3\\spring-tx-5.3.3.jar","sourceContainerUrl":"file:/C:/Users/Taufik/.m2/repository/org/springframework/spring-tx/5.3.3/spring-tx-5.3.3-sources.jar","javadocContainerUrl":"file:/C:/Users/Taufik/.m2/repository/org/springframework/spring-tx/5.3.3/spring-tx-5.3.3-javadoc.jar","isSystem":false,"isOwn":false,"isTest":false,"isJavaContent":false},{"kind":"binary","path":"C:\\Users\\Taufik\\.m2\\repository\\org\\springframework\\spring-beans\\5.3.3\\spring-beans-5.3.3.jar","sourceContainerUrl":"file:/C:/Users/Taufik/.m2/repository/org/springframework/spring-beans/5.3.3/spring-beans-5.3.3-sources.jar","javadocContainerUrl":"file:/C:/Users/Taufik/.m2/repository/org/springframework/spring-beans/5.3.3/spring-beans-5.3.3-javadoc.jar","isSystem":false,"isOwn":false,"isTest":false,"isJavaContent":false},{"kind":"binary","path":"C:\\Users\\Taufik\\.m2\\repository\\org\\slf4j\\slf4j-api\\1.7.30\\slf4j-api-1.7.30.jar","sourceContainerUrl":"file:/C:/Users/Taufik/.m2/repository/org/slf4j/slf4j-api/1.7.30/slf4j-api-1.7.30-sources.jar","javadocContainerUrl":"file:/C:/Users/Taufik/.m2/repository/org/slf4j/slf4j-api/1.7.30/slf4j-api-1.7.30-javadoc.jar","isSystem":false,"isOwn":false,"isTest":false,"isJavaContent":false},{"kind":"binary","path":"C:\\Users\\Taufik\\.m2\\repository\\org\\springframework\\spring-aspects\\5.3.3\\spring-aspects-5.3.3.jar","sourceContainerUrl":"file:/C:/Users/Taufik/.m2/repository/org/springframework/spring-aspects/5.3.3/spring-aspects-5.3.3-sources.jar","javadocContainerUrl":"file:/C:/Users/Taufik/.m2/repository/org/springframework/spring-aspects/5.3.3/spring-aspects-5.3.3-javadoc.jar","isSystem":false,"isOwn":false,"isTest":false,"isJavaContent":false},{"kind":"binary","path":"C:\\Users\\Taufik\\.m2\\repository\\org\\springframework\\boot\\spring-boot-starter-web\\2.4.2\\spring-boot-starter-web-2.4.2.jar","sourceContainerUrl":"file:/C:/Users/Taufik/.m2/repository/org/springframework/boot/spring-boot-starter-web/2.4.2/spring-boot-starter-web-2.4.2-sources.jar","javadocContainerUrl":"file:/C:/Users/Taufik/.m2/repository/org/springframework/boot/spring-boot-starter-web/2.4.2/spring-boot-starter-web-2.4.2-javadoc.jar","isSystem":false,"isOwn":false,"isTest":false,"isJavaContent":false},{"kind":"binary","path":"C:\\Users\\Taufik\\.m2\\repository\\org\\springframework\\boot\\spring-boot-starter\\2.4.2\\spring-boot-starter-2.4.2.jar","sourceContainerUrl":"file:/C:/Users/Taufik/.m2/repository/org/springframework/boot/spring-boot-starter/2.4.2/spring-boot-starter-2.4.2-sources.jar","javadocContainerUrl":"file:/C:/Users/Taufik/.m2/repository/org/springframework/boot/spring-boot-starter/2.4.2/spring-boot-starter-2.4.2-javadoc.jar","isSystem":false,"isOwn":false,"isTest":false,"isJavaContent":false},{"kind":"binary","path":"C:\\Users\\Taufik\\.m2\\repository\\org\\springframework\\boot\\spring-boot-starter-logging\\2.4.2\\spring-boot-starter-logging-2.4.2.jar","sourceContainerUrl":"file:/C:/Users/Taufik/.m2/repository/org/springframework/boot/spring-boot-starter-logging/2.4.2/spring-boot-starter-logging-2.4.2-sources.jar","javadocContainerUrl":"file:/C:/Users/Taufik/.m2/repository/org/springframework/boot/spring-boot-starter-logging/2.4.2/spring-boot-starter-logging-2.4.2-javadoc.jar","isSystem":false,"isOwn":false,"isTest":false,"isJavaContent":false},{"kind":"binary","path":"C:\\Users\\Taufik\\.m2\\repository\\ch\\qos\\logback\\logback-classic\\1.2.3\\logback-classic-1.2.3.jar","sourceContainerUrl":"file:/C:/Users/Taufik/.m2/repository/ch/qos/logback/logback-classic/1.2.3/logback-classic-1.2.3-sources.jar","javadocContainerUrl":"file:/C:/Users/Taufik/.m2/repository/ch/qos/logback/logback-classic/1.2.3/logback-classic-1.2.3-javadoc.jar","isSystem":false,"isOwn":false,"isTest":false,"isJavaContent":false},{"kind":"binary","path":"C:\\Users\\Taufik\\.m2\\repository\\ch\\qos\\logback\\logback-core\\1.2.3\\logback-core-1.2.3.jar","sourceContainerUrl":"file:/C:/Users/Taufik/.m2/repository/ch/qos/logback/logback-core/1.2.3/logback-core-1.2.3-sources.jar","javadocContainerUrl":"file:/C:/Users/Taufik/.m2/repository/ch/qos/logback/logback-core/1.2.3/logback-core-1.2.3-javadoc.jar","isSystem":false,"isOwn":false,"isTest":false,"isJavaContent":false},{"kind":"binary","path":"C:\\Users\\Taufik\\.m2\\repository\\org\\apache\\logging\\log4j\\log4j-to-slf4j\\2.13.3\\log4j-to-slf4j-2.13.3.jar","sourceContainerUrl":"file:/C:/Users/Taufik/.m2/repository/org/apache/logging/log4j/log4j-to-slf4j/2.13.3/log4j-to-slf4j-2.13.3-sources.jar","javadocContainerUrl":"file:/C:/Users/Taufik/.m2/repository/org/apache/logging/log4j/log4j-to-slf4j/2.13.3/log4j-to-slf4j-2.13.3-javadoc.jar","isSystem":false,"isOwn":false,"isTest":false,"isJavaContent":false},{"kind":"binary","path":"C:\\Users\\Taufik\\.m2\\repository\\org\\apache\\logging\\log4j\\log4j-api\\2.13.3\\log4j-api-2.13.3.jar","sourceContainerUrl":"file:/C:/Users/Taufik/.m2/repository/org/apache/logging/log4j/log4j-api/2.13.3/log4j-api-2.13.3-sources.jar","javadocContainerUrl":"file:/C:/Users/Taufik/.m2/repository/org/apache/logging/log4j/log4j-api/2.13.3/log4j-api-2.13.3-javadoc.jar","isSystem":false,"isOwn":false,"isTest":false,"isJavaContent":false},{"kind":"binary","path":"C:\\Users\\Taufik\\.m2\\repository\\org\\slf4j\\jul-to-slf4j\\1.7.30\\jul-to-slf4j-1.7.30.jar","sourceContainerUrl":"file:/C:/Users/Taufik/.m2/repository/org/slf4j/jul-to-slf4j/1.7.30/jul-to-slf4j-1.7.30-sources.jar","javadocContainerUrl":"file:/C:/Users/Taufik/.m2/repository/org/slf4j/jul-to-slf4j/1.7.30/jul-to-slf4j-1.7.30-javadoc.jar","isSystem":false,"isOwn":false,"isTest":false,"isJavaContent":false},{"kind":"binary","path":"C:\\Users\\Taufik\\.m2\\repository\\jakarta\\annotation\\jakarta.annotation-api\\1.3.5\\jakarta.annotation-api-1.3.5.jar","sourceContainerUrl":"file:/C:/Users/Taufik/.m2/repository/jakarta/annotation/jakarta.annotation-api/1.3.5/jakarta.annotation-api-1.3.5-sources.jar","javadocContainerUrl":"file:/C:/Users/Taufik/.m2/repository/jakarta/annotation/jakarta.annotation-api/1.3.5/jakarta.annotation-api-1.3.5-javadoc.jar","isSystem":false,"isOwn":false,"isTest":false,"isJavaContent":false},{"kind":"binary","path":"C:\\Users\\Taufik\\.m2\\repository\\org\\yaml\\snakeyaml\\1.27\\snakeyaml-1.27.jar","sourceContainerUrl":"file:/C:/Users/Taufik/.m2/repository/org/yaml/snakeyaml/1.27/snakeyaml-1.27-sources.jar","javadocContainerUrl":"file:/C:/Users/Taufik/.m2/repository/org/yaml/snakeyaml/1.27/snakeyaml-1.27-javadoc.jar","isSystem":false,"isOwn":false,"isTest":false,"isJavaContent":false},{"kind":"binary","path":"C:\\Users\\Taufik\\.m2\\repository\\org\\springframework\\boot\\spring-boot-starter-json\\2.4.2\\spring-boot-starter-json-2.4.2.jar","sourceContainerUrl":"file:/C:/Users/Taufik/.m2/repository/org/springframework/boot/spring-boot-starter-json/2.4.2/spring-boot-starter-json-2.4.2-sources.jar","javadocContainerUrl":"file:/C:/Users/Taufik/.m2/repository/org/springframework/boot/spring-boot-starter-json/2.4.2/spring-boot-starter-json-2.4.2-javadoc.jar","isSystem":false,"isOwn":false,"isTest":false,"isJavaContent":false},{"kind":"binary","path":"C:\\Users\\Taufik\\.m2\\repository\\com\\fasterxml\\jackson\\core\\jackson-databind\\2.11.4\\jackson-databind-2.11.4.jar","sourceContainerUrl":"file:/C:/Users/Taufik/.m2/repository/com/fasterxml/jackson/core/jackson-databind/2.11.4/jackson-databind-2.11.4-sources.jar","javadocContainerUrl":"file:/C:/Users/Taufik/.m2/repository/com/fasterxml/jackson/core/jackson-databind/2.11.4/jackson-databind-2.11.4-javadoc.jar","isSystem":false,"isOwn":false,"isTest":false,"isJavaContent":false},{"kind":"binary","path":"C:\\Users\\Taufik\\.m2\\repository\\com\\fasterxml\\jackson\\core\\jackson-annotations\\2.11.4\\jackson-annotations-2.11.4.jar","sourceContainerUrl":"file:/C:/Users/Taufik/.m2/repository/com/fasterxml/jackson/core/jackson-annotations/2.11.4/jackson-annotations-2.11.4-sources.jar","javadocContainerUrl":"file:/C:/Users/Taufik/.m2/repository/com/fasterxml/jackson/core/jackson-annotations/2.11.4/jackson-annotations-2.11.4-javadoc.jar","isSystem":false,"isOwn":false,"isTest":false,"isJavaContent":false},{"kind":"binary","path":"C:\\Users\\Taufik\\.m2\\repository\\com\\fasterxml\\jackson\\core\\jackson-core\\2.11.4\\jackson-core-2.11.4.jar","sourceContainerUrl":"file:/C:/Users/Taufik/.m2/repository/com/fasterxml/jackson/core/jackson-core/2.11.4/jackson-core-2.11.4-sources.jar","javadocContainerUrl":"file:/C:/Users/Taufik/.m2/repository/com/fasterxml/jackson/core/jackson-core/2.11.4/jackson-core-2.11.4-javadoc.jar","isSystem":false,"isOwn":false,"isTest":false,"isJavaContent":false},{"kind":"binary","path":"C:\\Users\\Taufik\\.m2\\repository\\com\\fasterxml\\jackson\\datatype\\jackson-datatype-jdk8\\2.11.4\\jackson-datatype-jdk8-2.11.4.jar","sourceContainerUrl":"file:/C:/Users/Taufik/.m2/repository/com/fasterxml/jackson/datatype/jackson-datatype-jdk8/2.11.4/jackson-datatype-jdk8-2.11.4-sources.jar","javadocContainerUrl":"file:/C:/Users/Taufik/.m2/repository/com/fasterxml/jackson/datatype/jackson-datatype-jdk8/2.11.4/jackson-datatype-jdk8-2.11.4-javadoc.jar","isSystem":false,"isOwn":false,"isTest":false,"isJavaContent":false},{"kind":"binary","path":"C:\\Users\\Taufik\\.m2\\repository\\com\\fasterxml\\jackson\\datatype\\jackson-datatype-jsr310\\2.11.4\\jackson-datatype-jsr310-2.11.4.jar","sourceContainerUrl":"file:/C:/Users/Taufik/.m2/repository/com/fasterxml/jackson/datatype/jackson-datatype-jsr310/2.11.4/jackson-datatype-jsr310-2.11.4-sources.jar","javadocContainerUrl":"file:/C:/Users/Taufik/.m2/repository/com/fasterxml/jackson/datatype/jackson-datatype-jsr310/2.11.4/jackson-datatype-jsr310-2.11.4-javadoc.jar","isSystem":false,"isOwn":false,"isTest":false,"isJavaContent":false},{"kind":"binary","path":"C:\\Users\\Taufik\\.m2\\repository\\com\\fasterxml\\jackson\\module\\jackson-module-parameter-names\\2.11.4\\jackson-module-parameter-names-2.11.4.jar","sourceContainerUrl":"file:/C:/Users/Taufik/.m2/repository/com/fasterxml/jackson/module/jackson-module-parameter-names/2.11.4/jackson-module-parameter-names-2.11.4-sources.jar","javadocContainerUrl":"file:/C:/Users/Taufik/.m2/repository/com/fasterxml/jackson/module/jackson-module-parameter-names/2.11.4/jackson-module-parameter-names-2.11.4-javadoc.jar","isSystem":false,"isOwn":false,"isTest":false,"isJavaContent":false},{"kind":"binary","path":"C:\\Users\\Taufik\\.m2\\repository\\org\\springframework\\boot\\spring-boot-starter-tomcat\\2.4.2\\spring-boot-starter-tomcat-2.4.2.jar","sourceContainerUrl":"file:/C:/Users/Taufik/.m2/repository/org/springframework/boot/spring-boot-starter-tomcat/2.4.2/spring-boot-starter-tomcat-2.4.2-sources.jar","javadocContainerUrl":"file:/C:/Users/Taufik/.m2/repository/org/springframework/boot/spring-boot-starter-tomcat/2.4.2/spring-boot-starter-tomcat-2.4.2-javadoc.jar","isSystem":false,"isOwn":false,"isTest":false,"isJavaContent":false},{"kind":"binary","path":"C:\\Users\\Taufik\\.m2\\repository\\org\\apache\\tomcat\\embed\\tomcat-embed-core\\9.0.41\\tomcat-embed-core-9.0.41.jar","sourceContainerUrl":"file:/C:/Users/Taufik/.m2/repository/org/apache/tomcat/embed/tomcat-embed-core/9.0.41/tomcat-embed-core-9.0.41-sources.jar","isSystem":false,"isOwn":false,"isTest":false,"isJavaContent":false},{"kind":"binary","path":"C:\\Users\\Taufik\\.m2\\repository\\org\\glassfish\\jakarta.el\\3.0.3\\jakarta.el-3.0.3.jar","sourceContainerUrl":"file:/C:/Users/Taufik/.m2/repository/org/glassfish/jakarta.el/3.0.3/jakarta.el-3.0.3-sources.jar","javadocContainerUrl":"file:/C:/Users/Taufik/.m2/repository/org/glassfish/jakarta.el/3.0.3/jakarta.el-3.0.3-javadoc.jar","isSystem":false,"isOwn":false,"isTest":false,"isJavaContent":false},{"kind":"binary","path":"C:\\Users\\Taufik\\.m2\\repository\\org\\apache\\tomcat\\embed\\tomcat-embed-websocket\\9.0.41\\tomcat-embed-websocket-9.0.41.jar","sourceContainerUrl":"file:/C:/Users/Taufik/.m2/repository/org/apache/tomcat/embed/tomcat-embed-websocket/9.0.41/tomcat-embed-websocket-9.0.41-sources.jar","isSystem":false,"isOwn":false,"isTest":false,"isJavaContent":false},{"kind":"binary","path":"C:\\Users\\Taufik\\.m2\\repository\\org\\springframework\\spring-web\\5.3.3\\spring-web-5.3.3.jar","sourceContainerUrl":"file:/C:/Users/Taufik/.m2/repository/org/springframework/spring-web/5.3.3/spring-web-5.3.3-sources.jar","javadocContainerUrl":"file:/C:/Users/Taufik/.m2/repository/org/springframework/spring-web/5.3.3/spring-web-5.3.3-javadoc.jar","isSystem":false,"isOwn":false,"isTest":false,"isJavaContent":false},{"kind":"binary","path":"C:\\Users\\Taufik\\.m2\\repository\\org\\springframework\\spring-webmvc\\5.3.3\\spring-webmvc-5.3.3.jar","sourceContainerUrl":"file:/C:/Users/Taufik/.m2/repository/org/springframework/spring-webmvc/5.3.3/spring-webmvc-5.3.3-sources.jar","javadocContainerUrl":"file:/C:/Users/Taufik/.m2/repository/org/springframework/spring-webmvc/5.3.3/spring-webmvc-5.3.3-javadoc.jar","isSystem":false,"isOwn":false,"isTest":false,"isJavaContent":false},{"kind":"binary","path":"C:\\Users\\Taufik\\.m2\\repository\\org\\springframework\\spring-expression\\5.3.3\\spring-expression-5.3.3.jar","sourceContainerUrl":"file:/C:/Users/Taufik/.m2/repository/org/springframework/spring-expression/5.3.3/spring-expression-5.3.3-sources.jar","javadocContainerUrl":"file:/C:/Users/Taufik/.m2/repository/org/springframework/spring-expression/5.3.3/spring-expression-5.3.3-javadoc.jar","isSystem":false,"isOwn":false,"isTest":false,"isJavaContent":false},{"kind":"binary","path":"C:\\Users\\Taufik\\.m2\\repository\\org\\springframework\\boot\\spring-boot-devtools\\2.4.2\\spring-boot-devtools-2.4.2.jar","sourceContainerUrl":"file:/C:/Users/Taufik/.m2/repository/org/springframework/boot/spring-boot-devtools/2.4.2/spring-boot-devtools-2.4.2-sources.jar","javadocContainerUrl":"file:/C:/Users/Taufik/.m2/repository/org/springframework/boot/spring-boot-devtools/2.4.2/spring-boot-devtools-2.4.2-javadoc.jar","isSystem":false,"isOwn":false,"isTest":false,"isJavaContent":false},{"kind":"binary","path":"C:\\Users\\Taufik\\.m2\\repository\\org\\springframework\\boot\\spring-boot\\2.4.2\\spring-boot-2.4.2.jar","sourceContainerUrl":"file:/C:/Users/Taufik/.m2/repository/org/springframework/boot/spring-boot/2.4.2/spring-boot-2.4.2-sources.jar","javadocContainerUrl":"file:/C:/Users/Taufik/.m2/repository/org/springframework/boot/spring-boot/2.4.2/spring-boot-2.4.2-javadoc.jar","isSystem":false,"isOwn":false,"isTest":false,"isJavaContent":false},{"kind":"binary","path":"C:\\Users\\Taufik\\.m2\\repository\\org\\springframework\\boot\\spring-boot-autoconfigure\\2.4.2\\spring-boot-autoconfigure-2.4.2.jar","sourceContainerUrl":"file:/C:/Users/Taufik/.m2/repository/org/springframework/boot/spring-boot-autoconfigure/2.4.2/spring-boot-autoconfigure-2.4.2-sources.jar","javadocContainerUrl":"file:/C:/Users/Taufik/.m2/repository/org/springframework/boot/spring-boot-autoconfigure/2.4.2/spring-boot-autoconfigure-2.4.2-javadoc.jar","isSystem":false,"isOwn":false,"isTest":false,"isJavaContent":false},{"kind":"binary","path":"C:\\Users\\Taufik\\.m2\\repository\\mysql\\mysql-connector-java\\8.0.22\\mysql-connector-java-8.0.22.jar","sourceContainerUrl":"file:/C:/Users/Taufik/.m2/repository/mysql/mysql-connector-java/8.0.22/mysql-connector-java-8.0.22-sources.jar","isSystem":false,"isOwn":false,"isTest":false,"isJavaContent":false},{"kind":"binary","path":"C:\\Users\\Taufik\\.m2\\repository\\org\\projectlombok\\lombok\\1.18.16\\lombok-1.18.16.jar","sourceContainerUrl":"file:/C:/Users/Taufik/.m2/repository/org/projectlombok/lombok/1.18.16/lombok-1.18.16-sources.jar","javadocContainerUrl":"file:/C:/Users/Taufik/.m2/repository/org/projectlombok/lombok/1.18.16/lombok-1.18.16-javadoc.jar","isSystem":false,"isOwn":false,"isTest":false,"isJavaContent":false},{"kind":"binary","path":"C:\\Users\\Taufik\\.m2\\repository\\org\\springframework\\boot\\spring-boot-starter-test\\2.4.2\\spring-boot-starter-test-2.4.2.jar","sourceContainerUrl":"file:/C:/Users/Taufik/.m2/repository/org/springframework/boot/spring-boot-starter-test/2.4.2/spring-boot-starter-test-2.4.2-sources.jar","javadocContainerUrl":"file:/C:/Users/Taufik/.m2/repository/org/springframework/boot/spring-boot-starter-test/2.4.2/spring-boot-starter-test-2.4.2-javadoc.jar","isSystem":false,"isOwn":false,"isTest":false,"isJavaContent":false},{"kind":"binary","path":"C:\\Users\\Taufik\\.m2\\repository\\org\\springframework\\boot\\spring-boot-test\\2.4.2\\spring-boot-test-2.4.2.jar","sourceContainerUrl":"file:/C:/Users/Taufik/.m2/repository/org/springframework/boot/spring-boot-test/2.4.2/spring-boot-test-2.4.2-sources.jar","javadocContainerUrl":"file:/C:/Users/Taufik/.m2/repository/org/springframework/boot/spring-boot-test/2.4.2/spring-boot-test-2.4.2-javadoc.jar","isSystem":false,"isOwn":false,"isTest":false,"isJavaContent":false},{"kind":"binary","path":"C:\\Users\\Taufik\\.m2\\repository\\org\\springframework\\boot\\spring-boot-test-autoconfigure\\2.4.2\\spring-boot-test-autoconfigure-2.4.2.jar","sourceContainerUrl":"file:/C:/Users/Taufik/.m2/repository/org/springframework/boot/spring-boot-test-autoconfigure/2.4.2/spring-boot-test-autoconfigure-2.4.2-sources.jar","javadocContainerUrl":"file:/C:/Users/Taufik/.m2/repository/org/springframework/boot/spring-boot-test-autoconfigure/2.4.2/spring-boot-test-autoconfigure-2.4.2-javadoc.jar","isSystem":false,"isOwn":false,"isTest":false,"isJavaContent":false},{"kind":"binary","path":"C:\\Users\\Taufik\\.m2\\repository\\com\\jayway\\jsonpath\\json-path\\2.4.0\\json-path-2.4.0.jar","sourceContainerUrl":"file:/C:/Users/Taufik/.m2/repository/com/jayway/jsonpath/json-path/2.4.0/json-path-2.4.0-sources.jar","javadocContainerUrl":"file:/C:/Users/Taufik/.m2/repository/com/jayway/jsonpath/json-path/2.4.0/json-path-2.4.0-javadoc.jar","isSystem":false,"isOwn":false,"isTest":false,"isJavaContent":false},{"kind":"binary","path":"C:\\Users\\Taufik\\.m2\\repository\\net\\minidev\\json-smart\\2.3\\json-smart-2.3.jar","sourceContainerUrl":"file:/C:/Users/Taufik/.m2/repository/net/minidev/json-smart/2.3/json-smart-2.3-sources.jar","javadocContainerUrl":"file:/C:/Users/Taufik/.m2/repository/net/minidev/json-smart/2.3/json-smart-2.3-javadoc.jar","isSystem":false,"isOwn":false,"isTest":false,"isJavaContent":false},{"kind":"binary","path":"C:\\Users\\Taufik\\.m2\\repository\\net\\minidev\\accessors-smart\\1.2\\accessors-smart-1.2.jar","sourceContainerUrl":"file:/C:/Users/Taufik/.m2/repository/net/minidev/accessors-smart/1.2/accessors-smart-1.2-sources.jar","javadocContainerUrl":"file:/C:/Users/Taufik/.m2/repository/net/minidev/accessors-smart/1.2/accessors-smart-1.2-javadoc.jar","isSystem":false,"isOwn":false,"isTest":false,"isJavaContent":false},{"kind":"binary","path":"C:\\Users\\Taufik\\.m2\\repository\\org\\ow2\\asm\\asm\\5.0.4\\asm-5.0.4.jar","sourceContainerUrl":"file:/C:/Users/Taufik/.m2/repository/org/ow2/asm/asm/5.0.4/asm-5.0.4-sources.jar","javadocContainerUrl":"file:/C:/Users/Taufik/.m2/repository/org/ow2/asm/asm/5.0.4/asm-5.0.4-javadoc.jar","isSystem":false,"isOwn":false,"isTest":false,"isJavaContent":false},{"kind":"binary","path":"C:\\Users\\Taufik\\.m2\\repository\\jakarta\\xml\\bind\\jakarta.xml.bind-api\\2.3.3\\jakarta.xml.bind-api-2.3.3.jar","sourceContainerUrl":"file:/C:/Users/Taufik/.m2/repository/jakarta/xml/bind/jakarta.xml.bind-api/2.3.3/jakarta.xml.bind-api-2.3.3-sources.jar","javadocContainerUrl":"file:/C:/Users/Taufik/.m2/repository/jakarta/xml/bind/jakarta.xml.bind-api/2.3.3/jakarta.xml.bind-api-2.3.3-javadoc.jar","isSystem":false,"isOwn":false,"isTest":false,"isJavaContent":false},{"kind":"binary","path":"C:\\Users\\Taufik\\.m2\\repository\\jakarta\\activation\\jakarta.activation-api\\1.2.2\\jakarta.activation-api-1.2.2.jar","sourceContainerUrl":"file:/C:/Users/Taufik/.m2/repository/jakarta/activation/jakarta.activation-api/1.2.2/jakarta.activation-api-1.2.2-sources.jar","javadocContainerUrl":"file:/C:/Users/Taufik/.m2/repository/jakarta/activation/jakarta.activation-api/1.2.2/jakarta.activation-api-1.2.2-javadoc.jar","isSystem":false,"isOwn":false,"isTest":false,"isJavaContent":false},{"kind":"binary","path":"C:\\Users\\Taufik\\.m2\\repository\\org\\assertj\\assertj-core\\3.18.1\\assertj-core-3.18.1.jar","sourceContainerUrl":"file:/C:/Users/Taufik/.m2/repository/org/assertj/assertj-core/3.18.1/assertj-core-3.18.1-sources.jar","javadocContainerUrl":"file:/C:/Users/Taufik/.m2/repository/org/assertj/assertj-core/3.18.1/assertj-core-3.18.1-javadoc.jar","isSystem":false,"isOwn":false,"isTest":false,"isJavaContent":false},{"kind":"binary","path":"C:\\Users\\Taufik\\.m2\\repository\\org\\hamcrest\\hamcrest\\2.2\\hamcrest-2.2.jar","sourceContainerUrl":"file:/C:/Users/Taufik/.m2/repository/org/hamcrest/hamcrest/2.2/hamcrest-2.2-sources.jar","javadocContainerUrl":"file:/C:/Users/Taufik/.m2/repository/org/hamcrest/hamcrest/2.2/hamcrest-2.2-javadoc.jar","isSystem":false,"isOwn":false,"isTest":false,"isJavaContent":false},{"kind":"binary","path":"C:\\Users\\Taufik\\.m2\\repository\\org\\junit\\jupiter\\junit-jupiter\\5.7.0\\junit-jupiter-5.7.0.jar","sourceContainerUrl":"file:/C:/Users/Taufik/.m2/repository/org/junit/jupiter/junit-jupiter/5.7.0/junit-jupiter-5.7.0-sources.jar","javadocContainerUrl":"file:/C:/Users/Taufik/.m2/repository/org/junit/jupiter/junit-jupiter/5.7.0/junit-jupiter-5.7.0-javadoc.jar","isSystem":false,"isOwn":false,"isTest":false,"isJavaContent":false},{"kind":"binary","path":"C:\\Users\\Taufik\\.m2\\repository\\org\\junit\\jupiter\\junit-jupiter-api\\5.7.0\\junit-jupiter-api-5.7.0.jar","sourceContainerUrl":"file:/C:/Users/Taufik/.m2/repository/org/junit/jupiter/junit-jupiter-api/5.7.0/junit-jupiter-api-5.7.0-sources.jar","javadocContainerUrl":"file:/C:/Users/Taufik/.m2/repository/org/junit/jupiter/junit-jupiter-api/5.7.0/junit-jupiter-api-5.7.0-javadoc.jar","isSystem":false,"isOwn":false,"isTest":false,"isJavaContent":false},{"kind":"binary","path":"C:\\Users\\Taufik\\.m2\\repository\\org\\apiguardian\\apiguardian-api\\1.1.0\\apiguardian-api-1.1.0.jar","sourceContainerUrl":"file:/C:/Users/Taufik/.m2/repository/org/apiguardian/apiguardian-api/1.1.0/apiguardian-api-1.1.0-sources.jar","javadocContainerUrl":"file:/C:/Users/Taufik/.m2/repository/org/apiguardian/apiguardian-api/1.1.0/apiguardian-api-1.1.0-javadoc.jar","isSystem":false,"isOwn":false,"isTest":false,"isJavaContent":false},{"kind":"binary","path":"C:\\Users\\Taufik\\.m2\\repository\\org\\opentest4j\\opentest4j\\1.2.0\\opentest4j-1.2.0.jar","sourceContainerUrl":"file:/C:/Users/Taufik/.m2/repository/org/opentest4j/opentest4j/1.2.0/opentest4j-1.2.0-sources.jar","javadocContainerUrl":"file:/C:/Users/Taufik/.m2/repository/org/opentest4j/opentest4j/1.2.0/opentest4j-1.2.0-javadoc.jar","isSystem":false,"isOwn":false,"isTest":false,"isJavaContent":false},{"kind":"binary","path":"C:\\Users\\Taufik\\.m2\\repository\\org\\junit\\platform\\junit-platform-commons\\1.7.0\\junit-platform-commons-1.7.0.jar","sourceContainerUrl":"file:/C:/Users/Taufik/.m2/repository/org/junit/platform/junit-platform-commons/1.7.0/junit-platform-commons-1.7.0-sources.jar","javadocContainerUrl":"file:/C:/Users/Taufik/.m2/repository/org/junit/platform/junit-platform-commons/1.7.0/junit-platform-commons-1.7.0-javadoc.jar","isSystem":false,"isOwn":false,"isTest":false,"isJavaContent":false},{"kind":"binary","path":"C:\\Users\\Taufik\\.m2\\repository\\org\\junit\\jupiter\\junit-jupiter-params\\5.7.0\\junit-jupiter-params-5.7.0.jar","sourceContainerUrl":"file:/C:/Users/Taufik/.m2/repository/org/junit/jupiter/junit-jupiter-params/5.7.0/junit-jupiter-params-5.7.0-sources.jar","javadocContainerUrl":"file:/C:/Users/Taufik/.m2/repository/org/junit/jupiter/junit-jupiter-params/5.7.0/junit-jupiter-params-5.7.0-javadoc.jar","isSystem":false,"isOwn":false,"isTest":false,"isJavaContent":false},{"kind":"binary","path":"C:\\Users\\Taufik\\.m2\\repository\\org\\junit\\jupiter\\junit-jupiter-engine\\5.7.0\\junit-jupiter-engine-5.7.0.jar","sourceContainerUrl":"file:/C:/Users/Taufik/.m2/repository/org/junit/jupiter/junit-jupiter-engine/5.7.0/junit-jupiter-engine-5.7.0-sources.jar","javadocContainerUrl":"file:/C:/Users/Taufik/.m2/repository/org/junit/jupiter/junit-jupiter-engine/5.7.0/junit-jupiter-engine-5.7.0-javadoc.jar","isSystem":false,"isOwn":false,"isTest":false,"isJavaContent":false},{"kind":"binary","path":"C:\\Users\\Taufik\\.m2\\repository\\org\\junit\\platform\\junit-platform-engine\\1.7.0\\junit-platform-engine-1.7.0.jar","sourceContainerUrl":"file:/C:/Users/Taufik/.m2/repository/org/junit/platform/junit-platform-engine/1.7.0/junit-platform-engine-1.7.0-sources.jar","javadocContainerUrl":"file:/C:/Users/Taufik/.m2/repository/org/junit/platform/junit-platform-engine/1.7.0/junit-platform-engine-1.7.0-javadoc.jar","isSystem":false,"isOwn":false,"isTest":false,"isJavaContent":false},{"kind":"binary","path":"C:\\Users\\Taufik\\.m2\\repository\\org\\mockito\\mockito-core\\3.6.28\\mockito-core-3.6.28.jar","sourceContainerUrl":"file:/C:/Users/Taufik/.m2/repository/org/mockito/mockito-core/3.6.28/mockito-core-3.6.28-sources.jar","javadocContainerUrl":"file:/C:/Users/Taufik/.m2/repository/org/mockito/mockito-core/3.6.28/mockito-core-3.6.28-javadoc.jar","isSystem":false,"isOwn":false,"isTest":false,"isJavaContent":false},{"kind":"binary","path":"C:\\Users\\Taufik\\.m2\\repository\\net\\bytebuddy\\byte-buddy-agent\\1.10.19\\byte-buddy-agent-1.10.19.jar","sourceContainerUrl":"file:/C:/Users/Taufik/.m2/repository/net/bytebuddy/byte-buddy-agent/1.10.19/byte-buddy-agent-1.10.19-sources.jar","javadocContainerUrl":"file:/C:/Users/Taufik/.m2/repository/net/bytebuddy/byte-buddy-agent/1.10.19/byte-buddy-agent-1.10.19-javadoc.jar","isSystem":false,"isOwn":false,"isTest":false,"isJavaContent":false},{"kind":"binary","path":"C:\\Users\\Taufik\\.m2\\repository\\org\\objenesis\\objenesis\\3.1\\objenesis-3.1.jar","sourceContainerUrl":"file:/C:/Users/Taufik/.m2/repository/org/objenesis/objenesis/3.1/objenesis-3.1-sources.jar","javadocContainerUrl":"file:/C:/Users/Taufik/.m2/repository/org/objenesis/objenesis/3.1/objenesis-3.1-javadoc.jar","isSystem":false,"isOwn":false,"isTest":false,"isJavaContent":false},{"kind":"binary","path":"C:\\Users\\Taufik\\.m2\\repository\\org\\mockito\\mockito-junit-jupiter\\3.6.28\\mockito-junit-jupiter-3.6.28.jar","sourceContainerUrl":"file:/C:/Users/Taufik/.m2/repository/org/mockito/mockito-junit-jupiter/3.6.28/mockito-junit-jupiter-3.6.28-sources.jar","javadocContainerUrl":"file:/C:/Users/Taufik/.m2/repository/org/mockito/mockito-junit-jupiter/3.6.28/mockito-junit-jupiter-3.6.28-javadoc.jar","isSystem":false,"isOwn":false,"isTest":false,"isJavaContent":false},{"kind":"binary","path":"C:\\Users\\Taufik\\.m2\\repository\\org\\skyscreamer\\jsonassert\\1.5.0\\jsonassert-1.5.0.jar","sourceContainerUrl":"file:/C:/Users/Taufik/.m2/repository/org/skyscreamer/jsonassert/1.5.0/jsonassert-1.5.0-sources.jar","javadocContainerUrl":"file:/C:/Users/Taufik/.m2/repository/org/skyscreamer/jsonassert/1.5.0/jsonassert-1.5.0-javadoc.jar","isSystem":false,"isOwn":false,"isTest":false,"isJavaContent":false},{"kind":"binary","path":"C:\\Users\\Taufik\\.m2\\repository\\com\\vaadin\\external\\google\\android-json\\0.0.20131108.vaadin1\\android-json-0.0.20131108.vaadin1.jar","sourceContainerUrl":"file:/C:/Users/Taufik/.m2/repository/com/vaadin/external/google/android-json/0.0.20131108.vaadin1/android-json-0.0.20131108.vaadin1-sources.jar","javadocContainerUrl":"file:/C:/Users/Taufik/.m2/repository/com/vaadin/external/google/android-json/0.0.20131108.vaadin1/android-json-0.0.20131108.vaadin1-javadoc.jar","isSystem":false,"isOwn":false,"isTest":false,"isJavaContent":false},{"kind":"binary","path":"C:\\Users\\Taufik\\.m2\\repository\\org\\springframework\\spring-core\\5.3.3\\spring-core-5.3.3.jar","sourceContainerUrl":"file:/C:/Users/Taufik/.m2/repository/org/springframework/spring-core/5.3.3/spring-core-5.3.3-sources.jar","javadocContainerUrl":"file:/C:/Users/Taufik/.m2/repository/org/springframework/spring-core/5.3.3/spring-core-5.3.3-javadoc.jar","isSystem":false,"isOwn":false,"isTest":false,"isJavaContent":false},{"kind":"binary","path":"C:\\Users\\Taufik\\.m2\\repository\\org\\springframework\\spring-jcl\\5.3.3\\spring-jcl-5.3.3.jar","sourceContainerUrl":"file:/C:/Users/Taufik/.m2/repository/org/springframework/spring-jcl/5.3.3/spring-jcl-5.3.3-sources.jar","javadocContainerUrl":"file:/C:/Users/Taufik/.m2/repository/org/springframework/spring-jcl/5.3.3/spring-jcl-5.3.3-javadoc.jar","isSystem":false,"isOwn":false,"isTest":false,"isJavaContent":false},{"kind":"binary","path":"C:\\Users\\Taufik\\.m2\\repository\\org\\springframework\\spring-test\\5.3.3\\spring-test-5.3.3.jar","sourceContainerUrl":"file:/C:/Users/Taufik/.m2/repository/org/springframework/spring-test/5.3.3/spring-test-5.3.3-sources.jar","javadocContainerUrl":"file:/C:/Users/Taufik/.m2/repository/org/springframework/spring-test/5.3.3/spring-test-5.3.3-javadoc.jar","isSystem":false,"isOwn":false,"isTest":false,"isJavaContent":false},{"kind":"binary","path":"C:\\Users\\Taufik\\.m2\\repository\\org\\xmlunit\\xmlunit-core\\2.7.0\\xmlunit-core-2.7.0.jar","sourceContainerUrl":"file:/C:/Users/Taufik/.m2/repository/org/xmlunit/xmlunit-core/2.7.0/xmlunit-core-2.7.0-sources.jar","javadocContainerUrl":"file:/C:/Users/Taufik/.m2/repository/org/xmlunit/xmlunit-core/2.7.0/xmlunit-core-2.7.0-javadoc.jar","isSystem":false,"isOwn":false,"isTest":false,"isJavaContent":false},{"kind":"source","path":"E:\\project(january2021)\\WareHouseProject-1\\src\\main\\java","outputFolder":"E:\\project(january2021)\\WareHouseProject-1\\target\\classes","javadocContainerUrl":"file:/E:/project(january2021)/WareHouseProject-1/target/site/apidocs","isSystem":false,"isOwn":true,"isTest":false,"isJavaContent":true},{"kind":"source","path":"E:\\project(january2021)\\WareHouseProject-1\\src\\test\\java","outputFolder":"E:\\project(january2021)\\WareHouseProject-1\\target\\test-classes","javadocContainerUrl":"file:/E:/project(january2021)/WareHouseProject-1/target/site/apidocs","isSystem":false,"isOwn":true,"isTest":true,"isJavaContent":true},{"kind":"source","path":"E:\\project(january2021)\\WareHouseProject-1\\src\\main\\resources","outputFolder":"E:\\project(january2021)\\WareHouseProject-1\\target\\classes","isSystem":false,"isOwn":true,"isTest":false,"isJavaContent":false},{"kind":"source","path":"E:\\project(january2021)\\WareHouseProject-1\\src\\test\\resources","outputFolder":"E:\\project(january2021)\\WareHouseProject-1\\target\\test-classes","isSystem":false,"isOwn":true,"isTest":true,"isJavaContent":false},{"kind":"source","path":"E:\\project(january2021)\\WareHouseProject-1\\src\\test\\java","outputFolder":"E:\\project(january2021)\\WareHouseProject-1\\target\\test-classes","javadocContainerUrl":"file:/E:/project(january2021)/WareHouseProject-1/target/site/apidocs","isSystem":false,"isOwn":true,"isTest":false,"isJavaContent":false}]}